<?xml version="1.0" encoding="UTF-8" standalone="no"?>
<data>
    <record>
        <vehicleID>1000</vehicleID>
        <km>20.3</km>
        <totalRent>3</totalRent>
        <lastRent>01/08/1999</lastRent>
        <income>750</income>
    </record>
    <record>
        <vehicleID>1001</vehicleID>
        <km>10</km>
        <totalRent>5</totalRent>
        <lastRent>20/3/2009</lastRent>
        <income>1000</income>
    </record>
    <record>
        <vehicleID>1002</vehicleID>
        <km>140</km>
        <totalRent>4</totalRent>
        <lastRent>01/03/2007</lastRent>
        <income>1400</income>
    </record>
    <record>
        <vehicleID>1003</vehicleID>
        <km>12</km>
        <totalRent>1</totalRent>
        <lastRent>08/09/2003</lastRent>
        <income>300</income>
    </record>
    <record>
        <vehicleID>1004</vehicleID>
        <km>50</km>
        <totalRent>3</totalRent>
        <lastRent>01/08/1999</lastRent>
        <income>1200</income>
    </record>
    <record>
        <vehicleID>1005</vehicleID>
        <km>37</km>
        <totalRent>1</totalRent>
        <lastRent>23/02/2000</lastRent>
        <income>200</income>
    </record>
    <record>
        <vehicleID>1006</vehicleID>
        <km>0</km>
        <totalRent>0</totalRent>
        <lastRent>0</lastRent>
        <income>0</income>
    </record>
    <record>
        <vehicleID>1007</vehicleID>
        <km>300</km>
        <totalRent>9</totalRent>
        <lastRent>11/11/2001</lastRent>
        <income>1800</income>
    </record>
    <record>
        <vehicleID>1008</vehicleID>
        <km>250</km>
        <totalRent>4</totalRent>
        <lastRent>12/10/1995</lastRent>
        <income>600</income>
    </record>
    <record>
        <vehicleID>1009</vehicleID>
        <km>450</km>
        <totalRent>10</totalRent>
        <lastRent>22/12/1999</lastRent>
        <income>1500</income>
    </record>
    <record>
        <vehicleID>1010</vehicleID>
        <km>50</km>
        <totalRent>1</totalRent>
        <lastRent>03/08/2010</lastRent>
        <income>350</income>
    </record>
    <record>
        <vehicleID>1011</vehicleID>
        <km>70</km>
        <totalRent>1</totalRent>
        <lastRent>01/08/2012</lastRent>
        <income>150</income>
    </record>
    <record>
        <vehicleID>1012</vehicleID>
        <km>30</km>
        <totalRent>1</totalRent>
        <lastRent>12/12/2012</lastRent>
        <income>450</income>
    </record>
    <record>
        <vehicleID>1013</vehicleID>
        <km>200</km>
        <totalRent>2</totalRent>
        <lastRent>10/10/2013</lastRent>
        <income>900</income>
    </record>
    <record>
        <vehicleID>1014</vehicleID>
        <km>270</km>
        <totalRent>4</totalRent>
        <lastRent>09/09/2019</lastRent>
        <income>2000</income>
    </record>
    <record>
        <vehicleID>1015</vehicleID>
        <km>99</km>
        <totalRent>3</totalRent>
        <lastRent>20/11/2014</lastRent>
        <income>900</income>
    </record>
    <record>
        <vehicleID>1016</vehicleID>
        <km>85</km>
        <totalRent>2</totalRent>
        <lastRent>17/07/2017</lastRent>
        <income>700</income>
    </record>
    <record>
        <vehicleID>1017</vehicleID>
        <km>125</km>
        <totalRent>1</totalRent>
        <lastRent>25/05/2014</lastRent>
        <income>350</income>
    </record>
    <record>
        <vehicleID>1018</vehicleID>
        <km>370</km>
        <totalRent>2</totalRent>
        <lastRent>/08/2012</lastRent>
        <income>1000</income>
    </record>
    <record>
        <vehicleID>1019</vehicleID>
        <km>0</km>
        <totalRent>0</totalRent>
        <lastRent>0</lastRent>
        <income>0</income>
    </record>
</data>