﻿<?xml version="1.0" encoding="UTF-8" standalone="no"?>
<data>
    <record>
        <vehicleID>T3000</vehicleID>
        <km>104.35</km>
        <totalRent>2</totalRent>
        <lastRent>20/03/2016</lastRent>
        <income>4700000</income>
    </record>
    <record>
        <vehicleID>T3100</vehicleID>
        <km>205.04</km>
        <totalRent>4</totalRent>
        <lastRent>30/01/2015</lastRent>
        <income>7425000‬</income>
    </record>
    <record>
        <vehicleID>T3200</vehicleID>
        <km>504.1</km>
        <totalRent>12</totalRent>
        <lastRent>10/06/2019</lastRent>
        <income>54000000</income>
    </record>
    <record>
        <vehicleID>T3300</vehicleID>
        <km>125.1</km>
        <totalRent>6</totalRent>
        <lastRent>24/04/2018</lastRent>
        <income>15000000‬</income>
    </record>
    <record>
        <vehicleID>T3400</vehicleID>
        <km>4000</km>
        <totalRent>15</totalRent>
        <lastRent>01/09/2015</lastRent>
        <income>74500000</income>
    </record>
    <record>
        <vehicleID>T3500</vehicleID>
        <km>475.3</km>
        <totalRent>8</totalRent>
        <lastRent>15/01/2018</lastRent>
        <income>17500000</income>
    </record>
    <record>
        <vehicleID>T3700</vehicleID>
        <km>340.9</km>
        <totalRent>4</totalRent>
        <lastRent>27/06/2012</lastRent>
        <income>12520000</income>
    </record>
    <record>
        <vehicleID>T3800</vehicleID>
        <km>200.5</km>
        <totalRent>2</totalRent>
        <lastRent>09/03/2019</lastRent>
        <income>5000000</income>
    </record>
    <record>
        <vehicleID>T3900</vehicleID>
        <km>0</km>
        <totalRent>0</totalRent>
        <lastRent>0</lastRent>
        <income>0</income>
    </record>
</data>